region,net_revenue,orders,avg_order_value,pct_of_total_revenue
West,350975.84,599,585.9362938230385,30.09
Northeast,305080.4,521,585.5669865642994,26.15
Midwest,283127.08,496,570.8207258064516,24.27
South,227358.44,384,592.0792708333333,19.49
