discount_pct,orders,avg_units,net_revenue
0.0,833,5.108043217286915,525897.15
0.05,281,5.02846975088968,171605.84
0.1,290,4.9,162088.8
0.15,272,5.084558823529412,150036.24
0.2,324,4.867283950617284,156913.73
